{"options":{},"indexes":[{"v":{"$numberInt":"2"},"key":{"_id":{"$numberInt":"1"}},"name":"_id_","ns":"MDPL.users"},{"v":{"$numberInt":"2"},"unique":true,"key":{"userID":{"$numberInt":"1"}},"name":"userID_1","ns":"MDPL.users","background":true},{"v":{"$numberInt":"2"},"unique":true,"key":{"userEmail":{"$numberInt":"1"}},"name":"userEmail_1","ns":"MDPL.users","background":true},{"v":{"$numberInt":"2"},"unique":true,"key":{"userContact":{"$numberInt":"1"}},"name":"userContact_1","ns":"MDPL.users","background":true}],"uuid":"c1bdaa7f4f73493f94a8519b73420262"}